step,sim_time_s,ego_x,ego_y,ego_yaw_rad,ego_yaw_deg,ego_speed_mps,steering_deg,obs_x,obs_y,dist_ego_obs,obs_longitudinal_m,obs_lateral_m,obstacle_x_ego,obstacle_y_ego,obstacle_yaw_ego_rad,obstacle_yaw_ego_deg,triggered,attack_restored,attack_displaced,road_mode,goal_x_world,goal_y_world,goal_x_ego,goal_y_ego,dist_to_goal_m,pred_speed_scalar,pred_speed_logit_0,pred_speed_logit_1,pred_speed_logit_2,pred_speed_logit_3,pred_speed_logit_4,pred_speed_logit_5,pred_speed_logit_6,pred_speed_logit_7,pred_speed_prob_0,pred_speed_prob_1,pred_speed_prob_2,pred_speed_prob_3,pred_speed_prob_4,pred_speed_prob_5,pred_speed_prob_6,pred_speed_prob_7,pred_path_x_0,pred_path_y_0,pred_path_x_1,pred_path_y_1,pred_path_x_2,pred_path_y_2,pred_path_x_3,pred_path_y_3,pred_path_x_4,pred_path_y_4,pred_path_x_5,pred_path_y_5,pred_path_x_6,pred_path_y_6,pred_path_x_7,pred_path_y_7,pred_path_x_8,pred_path_y_8,pred_path_x_9,pred_path_y_9,pred_path_x_10,pred_path_y_10,pred_path_x_11,pred_path_y_11,pred_path_x_12,pred_path_y_12,pred_path_x_13,pred_path_y_13,pred_path_x_14,pred_path_y_14,pred_path_x_15,pred_path_y_15,pred_path_x_16,pred_path_y_16,pred_path_x_17,pred_path_y_17,pred_path_x_18,pred_path_y_18,pred_path_x_19,pred_path_y_19,pred_wps_x_0,pred_wps_y_0,pred_wps_x_1,pred_wps_y_1,pred_wps_x_2,pred_wps_y_2,pred_wps_x_3,pred_wps_y_3,pred_wps_x_4,pred_wps_y_4,pred_wps_x_5,pred_wps_y_5,pred_wps_x_6,pred_wps_y_6,pred_wps_x_7,pred_wps_y_7
0,0.0,0.0,-1.8,0.0,0.0,8.0,-0.08107616077656943,40.0,-4.0,40.060454315946046,40.0,-2.2,40.0,-2.2,0.0,0.0,False,False,False,two-lane,90.0,-4.0,90.0,-2.2,90.02688487335325,,,,,,,,,,,,,,,,,,-0.004409218207001686,0.0017955931834876537,0.9991135597229004,0.0026590656489133835,2.003632068634033,0.0035521765239536762,3.007659673690796,0.00346293393522501,4.013545513153076,0.004027232062071562,5.018776893615723,0.0027832118794322014,6.023689270019531,0.004497557412832975,7.029706001281738,0.0066067492589354515,8.035773277282715,0.011374112218618393,9.0418701171875,0.011332356370985508,10.047890663146973,0.010655738413333893,11.054282188415527,0.013525204733014107,12.061151504516602,0.01411355845630169,13.069748878479004,0.012862162664532661,14.07748031616211,0.012441009283065796,15.083971977233887,0.00835128128528595,16.091663360595703,0.005570604931563139,17.097286224365234,0.0032442212104797363,18.104169845581055,0.0006959256716072559,19.11768341064453,-0.00033576786518096924,2.4824106693267822,0.0036135183181613684,4.936429977416992,0.00014096591621637344,7.416484355926514,-0.008139455690979958,9.849098205566406,-0.008453071117401123,12.255410194396973,-0.008410036563873291,14.651224136352539,-0.009654390625655651,17.027929306030273,-0.0107116112485528,19.36770248413086,-0.014003083109855652
1,0.2,1.9367703769162108,-1.7971807423640518,0.0014556478549538811,0.08340247854612881,9.683862144198692,-0.0958905976114217,40.0,-4.0,38.12691781433972,38.05998276880424,-2.2582235628342384,38.05998276880424,-2.2582235628342384,-0.0014556478549538811,-0.08340247854612881,False,False,False,two-lane,90.0,-4.0,88.05992979604665,-2.3310059298787036,88.09077604567798,,,,,,,,,,,,,,,,,,-0.004469940438866615,0.0016488912515342236,0.9990531802177429,0.0025180410593748093,2.0035746097564697,0.0032118591479957104,3.0075831413269043,0.003171512857079506,4.013479232788086,0.0033308989368379116,5.01869010925293,0.0018608253449201584,6.023594379425049,0.0030064661987125874,7.029632091522217,0.004105714149773121,8.035722732543945,0.007707213517278433,9.041837692260742,0.006448357831686735,10.047861099243164,0.004745136015117168,11.054280281066895,0.00648680841550231,12.06116771697998,0.005678266286849976,13.06985855102539,0.0028934539295732975,14.077617645263672,0.0008148336783051491,15.084184646606445,-0.004545327741652727,16.091943740844727,-0.008675207383930683,17.097564697265625,-0.011926613748073578,18.104406356811523,-0.015347855165600777,19.117942810058594,-0.017263595014810562,2.4806199073791504,0.002834092592820525,4.928716659545898,-0.0012630622368305922,7.405856609344482,-0.010408851318061352,9.835962295532227,-0.011652352288365364,12.238966941833496,-0.012578403577208519,14.629975318908691,-0.01497848890721798,16.998701095581055,-0.01722109317779541,19.314632415771484,-0.022486038506031036
2,0.4,3.868230167296291,-1.7921625261077698,0.002598141048403184,0.14886251665319736,9.657331547002848,-0.10407007244300776,40.0,-4.0,36.199162111222975,36.125911615247105,-2.301705350811733,36.125911615247105,-2.301705350811733,-0.002598141048403184,-0.14886251665319736,False,False,False,two-lane,90.0,-4.0,86.12574285691935,-2.4316122570792134,86.16006221460714,,,,,,,,,,,,,,,,,,-0.004549020901322365,0.0013425764627754688,0.9989652633666992,0.0022083381190896034,2.0034890174865723,0.002742548007518053,3.0074706077575684,0.0027513904497027397,4.013375282287598,0.002547990996390581,5.01856803894043,0.0008983062580227852,6.023458480834961,0.0015857829712331295,7.029505729675293,0.0018362491391599178,8.035612106323242,0.004521417431533337,9.041746139526367,0.0022952896542847157,10.047778129577637,-0.00020299572497606277,11.054216384887695,0.0006606332026422024,12.061113357543945,-0.0012300494126975536,13.069897651672363,-0.005347053986042738,14.077692031860352,-0.008824952878057957,15.08434009552002,-0.01522994413971901,16.09215545654297,-0.02037937566637993,17.097759246826172,-0.02447773888707161,18.104549407958984,-0.02871471643447876,19.118061065673828,-0.031455911695957184,2.4799327850341797,0.001778499921783805,4.923134803771973,-0.0026592526119202375,7.397797584533691,-0.012376486323773861,9.828021049499512,-0.014207722619175911,12.231310844421387,-0.01570262387394905,14.619288444519043,-0.018833782523870468,16.98177719116211,-0.021768080070614815,19.27100372314453,-0.0283488929271698
3,0.6000000000000001,5.795323772533937,-1.7857736142282112,0.0033152974276464396,0.1899525504347194,9.63552097909453,-0.10541337570534015,40.0,-4.0,34.27626984246142,34.197147446876706,-2.3276126846630074,34.197147446876706,-2.3276126846630074,-0.0033152974276464396,-0.1899525504347194,False,False,False,two-lane,90.0,-4.0,84.19687266720254,-2.493377252386436,84.23378358509035,,,,,,,,,,,,,,,,,,-0.004631171002984047,0.000887326430529356,0.9988670349121094,0.0017333347350358963,2.0033957958221436,0.0021587559022009373,3.00734281539917,0.0021972665563225746,4.013258934020996,0.0016967370174825191,5.018441200256348,-5.500577390193939e-05,6.023311614990234,0.00032953592017292976,7.029356002807617,-5.1171984523534775e-05,8.03547191619873,0.002026776783168316,9.0416259765625,-0.0008250786922872066,10.0476713180542,-0.0037989607080817223,11.054120063781738,-0.0034627472050487995,12.06102180480957,-0.006003629416227341,13.069897651672363,-0.011175419203937054,14.077733039855957,-0.015656469389796257,15.084463119506836,-0.022733982652425766,16.092321395874023,-0.02845633402466774,17.097902297973633,-0.03323329985141754,18.104631423950195,-0.03816481679677963,19.11805534362793,-0.041627317667007446,2.481334686279297,0.0005555522511713207,4.92266321182251,-0.003936034627258778,7.3954925537109375,-0.013877501711249352,9.828539848327637,-0.015875425189733505,12.235644340515137,-0.01744699478149414,14.621759414672852,-0.020791498944163322,16.978858947753906,-0.023792993277311325,19.241390228271484,-0.03070313297212124
4,0.8,7.71945477642439,-1.7789637207143478,0.0035391899339497616,0.20278064611050592,9.620715273281602,-0.1003409014980109,40.0,-4.0,32.356863291815124,32.272482400072256,-2.335269111310231,32.272482400072256,-2.335269111310231,-0.0035391899339497616,-0.20278064611050592,False,False,False,two-lane,90.0,-4.0,82.2721692537644,-2.512228238579478,82.31051648752288,,,,,,,,,,,,,,,,,,-0.004693085327744484,0.00040922733023762703,0.9987874627113342,0.0012166360393166542,2.0033252239227295,0.0016014627180993557,3.0072407722473145,0.0016478132456541061,4.013185024261475,0.0009344867430627346,5.018369197845459,-0.0008101332932710648,6.023216247558594,-0.000533293467015028,7.029247760772705,-0.001279725693166256,8.035370826721191,0.0005423123948276043,9.04154109954834,-0.0025339494459331036,10.047601699829102,-0.005605127662420273,11.054052352905273,-0.005382631439715624,12.060953140258789,-0.0080827996134758,13.069910049438477,-0.013979187235236168,14.07778263092041,-0.018938163295388222,15.084586143493652,-0.02619803696870804,16.092472076416016,-0.03196857124567032,17.098037719726562,-0.03716383874416351,18.10470199584961,-0.04260610044002533,19.117935180664062,-0.046570632606744766,2.485400676727295,-0.0004977866192348301,4.930514812469482,-0.004779868293553591,7.400331497192383,-0.014600543305277824,9.837017059326172,-0.016325581818819046,12.248516082763672,-0.017430994659662247,14.632468223571777,-0.02035537362098694,16.98394012451172,-0.022603387013077736,19.226530075073242,-0.028502782806754112
5,1.0,9.642100548363581,-1.772544163964102,0.0033389056831084583,0.19130520383435975,9.61328244548203,-0.08738673034890669,40.0,-4.0,30.439507529149633,30.35029298131155,-2.3288053945549203,30.35029298131155,-2.3288053945549203,-0.003338905683108458,-0.19130520383435973,False,False,False,two-lane,90.0,-4.0,80.35001427429145,-2.495750368518077,80.38876515894991,,,,,,,,,,,,,,,,,,-0.004732036963105202,7.884715887485072e-05,0.9987435340881348,0.0008129477500915527,2.0032901763916016,0.0012065698392689228,3.007200002670288,0.00125886220484972,4.0131916999816895,0.00035857828333973885,5.018393516540527,-0.0012702187523245811,6.023223876953125,-0.0009018559940159321,7.029238700866699,-0.0017550140619277954,8.03536605834961,0.00010369252413511276,9.041546821594238,-0.0028465511277318,10.047622680664062,-0.005687520373612642,11.054067611694336,-0.0052438220009207726,12.060962677001953,-0.007684961427003145,13.069964408874512,-0.013998082838952541,14.077848434448242,-0.018904177471995354,15.084707260131836,-0.02588140219449997,16.09259796142578,-0.031238382682204247,17.09817886352539,-0.03653758764266968,18.104782104492188,-0.042263440787792206,19.117673873901367,-0.04631645232439041,2.4900214672088623,-0.001142541179433465,4.9427289962768555,-0.004883379675447941,7.4048380851745605,-0.014272904954850674,9.846785545349121,-0.015519470907747746,12.263716697692871,-0.015809981152415276,14.648704528808594,-0.01758410409092903,16.99869155883789,-0.01800556667149067,19.237659454345703,-0.021190544590353966
6,1.2000000000000002,11.565860946974162,-1.7670036075191478,0.002880057791917342,0.16501515623063076,9.618841885887381,-0.0658514603111373,40.0,-4.0,28.521685374038498,28.427589976544525,-2.314878981957131,28.427589976544525,-2.314878981957131,-0.002880057791917342,-0.16501515623063076,False,False,False,two-lane,90.0,-4.0,78.42738260836575,-2.4588816724754965,78.46591898320075,,,,,,,,,,,,,,,,,,-0.004787469282746315,-7.594796625198796e-05,0.9987109899520874,0.0005413107573986053,2.003262519836426,0.0009308424778282642,3.0071887969970703,0.0009645065292716026,4.013215065002441,-0.0001398497261106968,5.018441677093506,-0.0015708664432168007,6.023265838623047,-0.0009543732739984989,7.0292816162109375,-0.0017166724428534508,8.035411834716797,0.00031678518280386925,9.04159927368164,-0.002289237454533577,10.047685623168945,-0.004721168894320726,11.054121017456055,-0.00387660413980484,12.06100845336914,-0.005788621958345175,13.069997787475586,-0.012219692580401897,14.077844619750977,-0.016665907576680183,15.084739685058594,-0.023030592128634453,16.092607498168945,-0.02768537774682045,17.098262786865234,-0.032729752361774445,18.104816436767578,-0.038456473499536514,19.117216110229492,-0.04208902642130852,2.49334454536438,-0.0016711729113012552,4.951080322265625,-0.004495910834521055,7.400355339050293,-0.01319601945579052,9.854647636413574,-0.01397776510566473,12.286457061767578,-0.01342977024614811,14.686711311340332,-0.013494351878762245,17.052133560180664,-0.010914573445916176,19.309185028076172,-0.009531684219837189
7,1.4000000000000001,13.496776700485405,-1.7627366544627645,0.0022098043910562678,0.12661246515700106,9.654602340394813,-0.03536364185317048,40.0,-4.0,26.597484703280077,26.49821467845999,-2.2958247745560203,26.49821467845999,-2.2958247745560203,-0.0022098043910562678,-0.12661246515700106,False,False,False,two-lane,90.0,-4.0,76.4980925976235,-2.4063149041838963,76.53592961800801,,,,,,,,,,,,,,,,,,-0.004891062155365944,-7.829489914001897e-05,0.9986549615859985,0.0003838706761598587,2.0032050609588623,0.0007081772200763226,3.007141590118408,0.0006737634539604187,4.013171195983887,-0.0005536596290767193,5.018418312072754,-0.001733328215777874,6.023248672485352,-0.0007345364429056644,7.029283046722412,-0.0012244470417499542,8.035422325134277,0.001101743895560503,9.041616439819336,-0.0009839143604040146,10.047700881958008,-0.002885830122977495,11.054120063781738,-0.001503300853073597,12.061004638671875,-0.0026618479751050472,13.069925308227539,-0.008735230192542076,14.077677726745605,-0.01234038919210434,15.084589004516602,-0.017765739932656288,16.0924072265625,-0.02153151109814644,17.098188400268555,-0.02590811625123024,18.104700088500977,-0.03128825128078461,19.116477966308594,-0.034165237098932266,2.4969563484191895,-0.0019280447158962488,4.960216045379639,-0.003448398318141699,7.393985748291016,-0.011382335796952248,9.861900329589844,-0.011551348492503166,12.312997817993164,-0.010428211651742458,14.739880561828613,-0.008845830336213112,17.129379272460938,-0.0030962699092924595,19.408231735229492,0.0028433650732040405
8,1.6,15.437600826569447,-1.7599464333611008,0.0014376465862422875,0.0823710818230736,9.704130658801539,-0.003913840082642358,40.0,-4.0,24.664332408081787,24.559153386057602,-2.2753632888945265,24.559153386057602,-2.2753632888945265,-0.0014376465862422875,-0.0823710818230736,False,False,False,two-lane,90.0,-4.0,74.55910171537383,-2.347245593445245,74.59604017961951,,,,,,,,,,,,,,,,,,-0.005026349797844887,-3.9778191421646625e-05,0.9985629320144653,0.0002612033858895302,2.0031051635742188,0.00045449892058968544,3.007046699523926,0.0004073837772011757,4.013070106506348,-0.0008103218860924244,5.018336296081543,-0.0017416570335626602,6.023191928863525,-0.00032463250681757927,7.029218673706055,-0.00042439112439751625,8.03537368774414,0.002260231412947178,9.0415678024292,0.0007719420827925205,10.047628402709961,-0.0005259541794657707,11.054010391235352,0.0013855095021426678,12.06090259552002,0.0010631810873746872,13.069741249084473,-0.004222901072353125,14.077360153198242,-0.006707706488668919,15.084273338317871,-0.010990647599101067,16.092023849487305,-0.013908365741372108,17.09791374206543,-0.01749659702181816,18.104354858398438,-0.02244625799357891,19.115497589111328,-0.024584706872701645,2.498730182647705,-0.001552777597680688,4.965812683105469,-0.0017213025130331516,7.382547378540039,-0.009008803404867649,9.857975959777832,-0.008570035919547081,12.317208290100098,-0.007100988179445267,14.750021934509277,-0.0043065473437309265,17.13604736328125,0.0032153348438441753,19.42278480529785,0.011129884049296379
9,1.8,17.379882571194486,-1.7583611038271214,0.0008162199878105617,0.046765960455764685,9.711411958069496,0.01690405877341025,40.0,-4.0,22.730918534757592,22.618280223605037,-2.2601011393880737,22.618280223605037,-2.2601011393880737,-0.0008162199878105617,-0.046765960455764685,False,False,False,two-lane,90.0,-4.0,72.61826356822925,-2.300912134247118,72.65470666319105,,,,,,,,,,,,,,,,,,-0.005183229222893715,-0.0001093014216166921,0.9984228610992432,5.699972825823352e-05,2.0029563903808594,7.824179192539304e-05,3.00691556930542,9.910201333696023e-05,4.012903213500977,-0.0010752775706350803,5.018192768096924,-0.0018895994871854782,6.023103713989258,-0.00021016178652644157,7.029110908508301,6.081117317080498e-05,8.035289764404297,0.0029309960082173347,9.041485786437988,0.0018781381659209728,10.047505378723145,0.0010940805077552795,11.053838729858398,0.0032731681130826473,12.060744285583496,0.003601446747779846,13.069526672363281,-0.0008981344290077686,14.077011108398438,-0.002291537821292877,15.083927154541016,-0.005694014485925436,16.091596603393555,-0.008187367580831051,17.097551345825195,-0.011353598907589912,18.103870391845703,-0.016179809346795082,19.11464500427246,-0.01783193275332451,2.4973926544189453,-0.0011029208544641733,4.960170745849609,-0.0003763237618841231,7.357870578765869,-0.007125109434127808,9.836848258972168,-0.006721931975334883,12.287740707397461,-0.005073760636150837,14.694507598876953,-0.001636540750041604,17.057958602905273,0.006152854301035404,19.34518051147461,0.014324385672807693
10,2.0,19.31440451892701,-1.7576364491216676,0.0003745910830368111,0.02146248810124384,9.672610417285597,0.02892205516772558,40.0,-4.0,20.806779056377156,20.684754060415912,-2.2501120329891156,20.684754060415912,-2.2501120329891156,-0.00037459108303681117,-0.021462488101243845,False,False,False,two-lane,90.0,-4.0,70.68475055245396,-2.2688415867029392,70.7211538565951,,,,,,,,,,,,,,,,,,-0.005331570282578468,-0.0002885567955672741,0.9982786774635315,-0.00022567342966794968,2.002812147140503,-0.000360031146556139,3.006807565689087,-0.0002271551638841629,4.012731552124023,-0.0014015375636518002,5.018042087554932,-0.002258550375699997,6.023026943206787,-0.00047646230086684227,7.029022216796875,0.0001726355403661728,8.035236358642578,0.003115652594715357,9.04144287109375,0.0023284656926989555,10.047415733337402,0.0019583473913371563,11.05369758605957,0.004129477776587009,12.060615539550781,0.004854823928326368,13.069375991821289,0.000869422685354948,14.076761245727539,0.0004359884187579155,15.083704948425293,-0.0026676380075514317,16.091276168823242,-0.005297397263348103,17.097349166870117,-0.008409230038523674,18.10360336303711,-0.013253526762127876,19.114465713500977,-0.014505835250020027,2.493649959564209,-0.0010663822758942842,4.943355083465576,0.00017019244842231274,7.321199417114258,-0.005976449698209763,9.795282363891602,-0.0060624610632658005,12.216533660888672,-0.004426616244018078,14.588630676269531,-0.0007993050385266542,16.935930252075195,0.006898824125528336,19.219860076904297,0.015156792476773262
11,2.2,21.23639446034108,-1.7577384068663473,-5.30480115359047e-05,-0.0030394271725686433,9.609949720591995,0.04040308138427538,40.0,-4.0,18.897106389602644,18.76372446077647,-2.2412662180160314,18.76372446077647,-2.2412662180160314,5.304801153590471e-05,0.0030394271725686438,False,False,False,two-lane,90.0,-4.0,68.76372439042419,-2.23861381744048,68.80015395234122,,,,,,,,,,,,,,,,,,-0.005413273349404335,-0.0004614596255123615,0.9982048273086548,-0.00047247111797332764,2.0027518272399902,-0.0006664521060883999,3.0067858695983887,-0.0002769986167550087,4.012687683105469,-0.0014087497256696224,5.018007755279541,-0.0023265210911631584,6.023049831390381,-0.0004072939045727253,7.02903938293457,0.0007188990712165833,8.03529167175293,0.003968942444771528,9.041512489318848,0.003498068545013666,10.047445297241211,0.0035953959450125694,11.053680419921875,0.0056568472646176815,12.060622215270996,0.0067197298631072044,13.06940746307373,0.0029851035214960575,14.076750755310059,0.003474726341664791,15.083784103393555,0.00013363128527998924,16.091251373291016,-0.0029765572398900986,17.097509384155273,-0.005865076091140509,18.103862762451172,-0.010155034251511097,19.115156173706055,-0.010672427713871002,2.487870931625366,-0.0016097670886665583,4.91309118270874,0.00010041799396276474,7.264430999755859,-0.004822460934519768,9.715713500976562,-0.005087390076369047,12.099211692810059,-0.0035502684768289328,14.433320999145508,7.574353367090225e-05,16.757570266723633,0.007479225285351276,19.016719818115234,0.015206065960228443
12,2.4000000000000004,23.138069436978178,-1.7590697582927648,-0.0007000939830734824,-0.040112430492613836,9.508377213363376,0.051245129434189414,40.0,-4.0,17.01018726117874,16.863495292390162,-2.229124757366066,16.863495292390162,-2.229124757366066,0.0007000939830734824,0.040112430492613836,False,False,False,two-lane,90.0,-4.0,66.86348303910103,-2.1941200610718767,66.89947329361082,,,,,,,,,,,,,,,,,,-0.0053932759910821915,-0.0004810183309018612,0.9982444047927856,-0.0005849050357937813,2.0028152465820312,-0.0006772228516638279,3.0068516731262207,0.00020525697618722916,4.012758731842041,-0.0006655002944171429,5.018074989318848,-0.0015239659696817398,6.023119926452637,0.000707531813532114,7.029091835021973,0.0025114649906754494,8.035348892211914,0.006814946886152029,9.041587829589844,0.006945017725229263,10.047487258911133,0.007721212226897478,11.053694725036621,0.00986559595912695,12.060699462890625,0.011472444981336594,13.069576263427734,0.00751775735989213,14.076948165893555,0.009011438116431236,15.084105491638184,0.005299199838191271,16.09145736694336,0.0020192181691527367,17.09787368774414,0.00013828789815306664,18.10445785522461,-0.002407974563539028,19.116222381591797,-0.0012226295657455921,2.478677272796631,-0.0026886819396167994,4.8568525314331055,-0.0005616503767669201,7.146330833435059,-0.0030482455622404814,9.550649642944336,-0.002876824699342251,11.87434196472168,-0.0010021526832133532,14.126338005065918,0.0023673311807215214,16.383895874023438,0.008903056383132935,18.562244415283203,0.01488097757101059
13,2.6,24.994293392517182,-1.7623827838262853,-0.0017848180472347357,-0.10226254130533156,9.281134560568354,0.05810365245208958,40.0,-4.0,15.171623564931028,15.009676444053623,-2.210831210380454,15.009676444053623,-2.210831210380454,0.0017848180472347357,0.10226254130533156,False,False,False,two-lane,90.0,-4.0,65.00959680468823,-2.1215903553993147,65.04420667779915,,,,,,,,,,,,,,,,,,-0.005260372534394264,-0.00022797519341111183,0.9984117746353149,-0.0004763081669807434,2.003006935119629,-0.000308226328343153,3.006983757019043,0.0012220870703458786,4.012883186340332,0.0009672851301729679,5.018183708190918,0.0004759039729833603,6.023138523101807,0.003502939362078905,7.029029846191406,0.006532768718898296,8.035039901733398,0.013748317956924438,9.041277885437012,0.014947421848773956,10.047106742858887,0.01656755805015564,11.053276062011719,0.019067341461777687,12.06039047241211,0.021387986838817596,13.06930160522461,0.016334502026438713,14.076769828796387,0.018972862511873245,15.083999633789062,0.015466595068573952,16.09119415283203,0.012692118063569069,17.097646713256836,0.012581521645188332,18.104379653930664,0.012718120589852333,19.116352081298828,0.01697520539164543,2.463838815689087,-0.003761384868994355,4.747580528259277,-0.0014454415068030357,6.8744730949401855,-0.0004877125029452145,9.1959228515625,0.0010802983306348324,11.376514434814453,0.004239896312355995,13.391489028930664,0.007519785314798355,15.438257217407227,0.01237342320382595,17.389385223388672,0.015574093908071518
14,2.8000000000000003,26.73322419341901,-1.7681411921341814,-0.0033114527941714086,-0.1897322691628254,8.694701676295892,0.12550432975299605,40.0,-4.0,13.453197911289752,13.274093748353792,-2.1879143493852133,13.274093748353792,-2.1879143493852133,0.0033114527941714086,0.1897322691628254,False,False,False,two-lane,90.0,-4.0,63.27381960561411,-2.022342012280334,63.30613015102432,,,,,,,,,,,,,,,,,,-0.00503561832010746,0.0004382985644042492,0.9986777305603027,0.00010225176811218262,2.0032973289489746,0.0005692797712981701,3.007234811782837,0.0027084127068519592,4.013101577758789,0.0034964256919920444,5.01836633682251,0.004229214042425156,6.023106575012207,0.009218068793416023,7.028791427612305,0.014349620789289474,8.033856391906738,0.02676980011165142,9.040046691894531,0.029357828199863434,10.045686721801758,0.03139844536781311,11.051671028137207,0.03359893709421158,12.058866500854492,0.03654090315103531,13.067713737487793,0.030497467145323753,14.075288772583008,0.034226350486278534,15.08251953125,0.031866658478975296,16.089590072631836,0.03012526035308838,17.095970153808594,0.032124631106853485,18.102693557739258,0.03513483703136444,19.114564895629883,0.04329074174165726,2.455310344696045,-0.004272569436579943,4.594210147857666,0.0004126206040382385,6.3324151039123535,0.003160614287480712,8.5027494430542,0.00787307322025299,10.330831527709961,0.012728186324238777,11.809249877929688,0.013271801173686981,13.258870124816895,0.013235272839665413,14.651374816894531,0.010359779000282288
15,3.0,28.198345546412053,-1.7755424404495923,-0.005051585210945228,-0.2894345124378653,7.325700235255323,0.24336208669094495,40.0,-4.0,12.009465403427964,11.8127408626892,-2.164812367639743,11.8127408626892,-2.164812367639743,0.005051585210945228,0.2894345124378653,False,False,False,two-lane,90.0,-4.0,61.812102901217266,-1.9122341813323076,61.841674497339795,,,,,,,,,,,,,,,,,,-0.004915321245789528,0.00143785635009408,0.9988122582435608,0.0012336121872067451,2.0034422874450684,0.0019225492142140865,3.0074245929718018,0.004259543493390083,4.013169288635254,0.0064831324853003025,5.018394470214844,0.009015523828566074,6.022885322570801,0.016420109197497368,7.028374671936035,0.02341814897954464,8.03242015838623,0.03964321315288544,9.03854751586914,0.0435420423746109,10.043966293334961,0.045398786664009094,11.049713134765625,0.046452682465314865,12.056920051574707,0.05039331316947937,13.065743446350098,0.04471709579229355,14.073365211486816,0.0496978834271431,15.080535888671875,0.0494157113134861,16.087583541870117,0.04959872364997864,17.093826293945312,0.053821925073862076,18.100454330444336,0.059421688318252563,19.11217498779297,0.0710369348526001,2.4558308124542236,-0.004233696032315493,4.455348968505859,0.004259247798472643,5.6812238693237305,0.005254443734884262,7.6128692626953125,0.01372551266103983,8.98958969116211,0.016406089067459106,9.89430046081543,0.011672368273139,10.712590217590332,0.004837546031922102,11.53370475769043,-0.005347459111362696
16,3.2,29.35170428429443,-1.783357165073393,-0.006775519863419026,-0.38820869218096615,5.766926061973088,0.2759836813489674,40.0,-4.0,10.876566880534732,10.663070090065402,-2.14444476755585,10.663070090065402,-2.14444476755585,0.006775519863419026,0.38820869218096615,False,False,False,two-lane,90.0,-4.0,60.66192240272056,-1.8056713664483326,60.6887903873302,,,,,,,,,,,,,,,,,,-0.004831278696656227,0.0022189063020050526,0.9988905787467957,0.0023282719776034355,2.003507614135742,0.0030979537405073643,3.0074920654296875,0.005333012901246548,4.013089656829834,0.00855652242898941,5.018321990966797,0.011737847700715065,6.022759437561035,0.019652988761663437,7.0283203125,0.02695327065885067,8.032634735107422,0.04227583482861519,9.038736343383789,0.04743357375264168,10.044157981872559,0.04952350631356239,11.050086975097656,0.050852783024311066,12.057316780090332,0.056833360344171524,13.066128730773926,0.05374676361680031,14.073709487915039,0.06072147563099861,15.080777168273926,0.06352923810482025,16.087902069091797,0.06684417277574539,17.093957901000977,0.07341622561216354,18.1004638671875,0.0814400166273117,19.11202049255371,0.09582415223121643,2.4668185710906982,-0.0037562998477369547,4.539072036743164,0.006225457414984703,5.491611957550049,0.005263637285679579,7.514725685119629,0.016573071479797363,8.92551040649414,0.02149105817079544,9.801876068115234,0.01575412042438984,10.673510551452637,0.007844716310501099,11.519111633300781,-0.004128279164433479
17,3.4000000000000004,30.503596485318262,-1.7929160729929976,-0.008298249174973465,-0.47545465507389695,5.759659311756513,0.19897636585208087,40.0,-4.0,9.749507637543156,9.514391273104534,-2.12820531828689,9.514391273104534,-2.12820531828689,0.008298249174973465,0.47545465507389695,False,False,False,two-lane,90.0,-4.0,59.51266975949907,-1.7132976213987658,59.53732653254331,,,,,,,,,,,,,,,,,,-0.004879498854279518,0.002481707837432623,0.9987974166870117,0.0030232947319746017,2.0033926963806152,0.003875161986798048,3.0073297023773193,0.0056636398658156395,4.012923717498779,0.00912485271692276,5.018317222595215,0.011262122541666031,6.022923946380615,0.0177932009100914,7.028752326965332,0.025101257488131523,8.034317970275879,0.037600353360176086,9.04041862487793,0.0442335307598114,10.046079635620117,0.04790329188108444,11.052414894104004,0.0524948388338089,12.059612274169922,0.06185445934534073,13.068222999572754,0.06409895420074463,14.075714111328125,0.07399757951498032,15.082629203796387,0.0812930092215538,16.08982276916504,0.08909928798675537,17.09564208984375,0.0980423241853714,18.102121353149414,0.10848125070333481,19.113679885864258,0.12546834349632263,2.486236810684204,-0.0024853686336427927,4.8274641036987305,0.005645261146128178,5.811056137084961,0.004266687668859959,8.250381469726562,0.016035541892051697,10.5719575881958,0.02872750535607338,12.491930961608887,0.03105875290930271,14.566753387451172,0.03541197255253792,16.56148338317871,0.034628670662641525
18,3.6,32.15968179051763,-1.8083146317130456,-0.009297899648767873,-0.5327304082105696,8.28078446420982,0.2243304168153547,40.0,-4.0,8.140889041100115,7.860357087492708,-2.118693190768098,7.860357087492708,-2.118693190768098,0.009297899648767873,0.5327304082105696,False,False,False,two-lane,90.0,-4.0,57.858195829616044,-1.6538049067352913,57.88182698678179,,,,,,,,,,,,,,,,,,-0.0044744256883859634,0.0020704208873212337,0.9991453886032104,0.0030674636363983154,2.003713607788086,0.003912727814167738,3.0079450607299805,0.0046233246102929115,4.013678073883057,0.008428042754530907,5.01923942565918,0.010027632117271423,6.023899078369141,0.01619090884923935,7.029855251312256,0.024117344990372658,8.036067962646484,0.035811156034469604,9.042220115661621,0.04383464902639389,10.048089981079102,0.0490117147564888,11.054515838623047,0.05696363374590874,12.061494827270508,0.0686994194984436,13.069487571716309,0.07581846415996552,14.076958656311035,0.08770973235368729,15.083602905273438,0.09883438795804977,16.090871810913086,0.10951320081949234,17.096515655517578,0.12001276761293411,18.103254318237305,0.13216954469680786,19.11571502685547,0.15068316459655762,2.4924774169921875,0.0018399280961602926,4.986356735229492,0.01160427462309599,7.153756618499756,0.012407473288476467,9.681221008300781,0.028054777532815933,12.198747634887695,0.04812071472406387,14.696001052856445,0.06890228390693665,17.191076278686523,0.09425516426563263,19.680927276611328,0.12033940851688385
19,3.8000000000000003,34.127752441649555,-1.8251611518721524,-0.008559707298695866,-0.4904351020825998,9.840713761064666,0.22037940042633253,40.0,-4.0,6.26204562438496,5.89064819065222,-2.124495068444395,5.89064819065222,-2.124495068444395,0.008559707298695866,0.4904351020825998,False,False,False,two-lane,90.0,-4.0,55.88881648711014,-1.696514929804425,55.91455956400733,,,,,,,,,,,,,,,,,,-0.004570299759507179,0.00183410057798028,0.9990560412406921,0.0030335327610373497,2.0036375522613525,0.0037972680293023586,3.007904529571533,0.004472112283110619,4.013667106628418,0.007769611198455095,5.019275665283203,0.009438038803637028,6.02400541305542,0.015136880800127983,7.0300612449646,0.022399257868528366,8.03628921508789,0.03340468183159828,9.04243278503418,0.04127255082130432,10.04835033416748,0.0470844991505146,11.054698944091797,0.05626492202281952,12.061541557312012,0.06776726245880127,13.069509506225586,0.07510320097208023,14.077104568481445,0.08642768859863281,15.083659172058105,0.0978797897696495,16.09113121032715,0.10789503902196884,17.096715927124023,0.1182849332690239,18.10363006591797,0.1303577721118927,19.116817474365234,0.14699077606201172,2.4983062744140625,0.004984884988516569,5.00065803527832,0.014609843492507935,7.4726457595825195,0.012356530874967575,9.997793197631836,0.02593851275742054,12.515324592590332,0.04485122114419937,15.024245262145996,0.06635469943284988,17.5311336517334,0.09380222856998444,20.034046173095703,0.12295407801866531
20,4.0,36.13116831745785,-1.8383125722684623,-0.0065644041510256905,-0.3761126528719303,10.01729520791312,0.3801719440539842,41.116619003926345,-4.071086956927787,4.431788704694135,3.8829384141626146,-2.136244460466742,5.000000000000003,-2.2,0.2683637919501751,15.37611265287193,True,False,True,two-lane,90.0,-4.0,53.88186113298463,-1.808026610155189,53.91218711365056,,,,,,,,,,,,,,,,,,-0.00368560291826725,0.001982253510504961,0.9999438524246216,0.005010114051401615,2.0044848918914795,0.007276094984263182,3.008582592010498,0.008479485288262367,4.014039993286133,0.011372577399015427,5.019660949707031,0.013491913676261902,6.024238109588623,0.02008330263197422,7.0305280685424805,0.027788588777184486,8.036582946777344,0.03811722248792648,9.042534828186035,0.04440529644489288,10.048148155212402,0.04927126318216324,11.054289817810059,0.05799131095409393,12.061182022094727,0.06706685572862625,13.069742202758789,0.07233042269945145,14.077728271484375,0.08173031359910965,15.08460521697998,0.09131989628076553,16.092247009277344,0.10042144358158112,17.097904205322266,0.10993625223636627,18.10512924194336,0.12093640118837357,19.11825942993164,0.1373981386423111,2.302631139755249,0.001526489621028304,4.496514797210693,0.016083674505352974,4.922684669494629,0.014868548139929771,7.2893571853637695,0.031718917191028595,9.677252769470215,0.04801236838102341,12.001521110534668,0.07076971232891083,14.325157165527344,0.09656032919883728,16.569849014282227,0.1182105764746666
21,4.2,37.788176868360246,-1.8480914745088641,-0.0059014714862784656,-0.33812940908055317,8.28518702971256,0.3800220181863777,41.116619003926345,-4.071086956927787,4.002528696295226,3.341503043602619,-2.2033141796532765,3.341503043602619,-2.2033141796532765,0.26770085928542786,15.338129409080551,True,False,True,two-lane,90.0,-4.0,52.223613287239175,-1.8437462560257476,52.256149734090755,,,,,,,,,,,,,,,,,,-0.003517279401421547,-2.8978174668736756e-06,1.0001188516616821,0.003103499300777912,2.004611015319824,0.00561889773234725,3.0086565017700195,0.007504524663090706,4.014191627502441,0.010390404611825943,5.019793510437012,0.012832781299948692,6.024412631988525,0.01874268800020218,7.030583381652832,0.0263778455555439,8.036401748657227,0.036794327199459076,9.042381286621094,0.04263447970151901,10.048018455505371,0.04676621034741402,11.054187774658203,0.05531049147248268,12.06099796295166,0.06370123475790024,13.069515228271484,0.06828321516513824,14.077598571777344,0.07614170014858246,15.084391593933105,0.08427006006240845,16.092010498046875,0.09169347584247589,17.09760093688965,0.09987585246562958,18.104713439941406,0.10920195281505585,19.118301391601562,0.12299422919750214,2.3651275634765625,0.0019030410330742598,4.743045806884766,0.017675137147307396,6.415298938751221,0.02356301248073578,8.887566566467285,0.039448682218790054,11.369123458862305,0.0552518367767334,13.820926666259766,0.06999777257442474,16.256649017333984,0.0928027331829071,18.678743362426758,0.11579371243715286
22,4.4,39.65606944295847,-1.8576119187680358,-0.005096846546900079,-0.29202779596320194,9.339584183862364,0.39079925570520335,41.116619003926345,-4.071086956927787,2.6519194491160114,1.471812283803158,-2.2060021228108333,1.471812283803158,-2.2060021228108333,0.2668962343460495,15.2920277959632,True,False,True,two-lane,90.0,-4.0,50.354196021068596,-1.8857660763267003,50.38949464543998,,,,,,,,,,,,,,,,,,-0.0036665890365839005,-0.0006372588686645031,0.9999669194221497,0.002325809560716152,2.0044796466827393,0.00511903828009963,3.0084733963012695,0.008412407711148262,4.014035224914551,0.011399975046515465,5.019596099853516,0.013938894495368004,6.024217128753662,0.019283413887023926,7.030153751373291,0.02732544019818306,8.035764694213867,0.03662561625242233,9.041777610778809,0.041525792330503464,10.047473907470703,0.04466766491532326,11.053606033325195,0.05300598591566086,12.060413360595703,0.06055295094847679,13.068960189819336,0.06401246041059494,14.077119827270508,0.07074140757322311,15.08395767211914,0.07737250626087189,16.09166717529297,0.08302262425422668,17.097280502319336,0.09002476930618286,18.104387283325195,0.09787353873252869,19.118135452270508,0.10969212651252747,2.3489906787872314,0.0028700882103294134,4.742313385009766,0.019194558262825012,6.809377670288086,0.02689496800303459,9.279232025146484,0.04091695323586464,11.7593994140625,0.05403224378824234,14.212552070617676,0.06404504925012589,16.658960342407227,0.08139093220233917,19.102828979492188,0.09885179996490479
23,4.6000000000000005,41.566367053857,-1.8650143748117498,-0.003875008245025592,-0.2220216180183624,9.551559766027893,0.45046677003501334,41.116619003926345,-4.071086956927787,2.251450542645906,-0.4411961452453655,-2.2077987923271394,-0.4411961452453655,-2.2077987923271394,0.265674396044175,15.22202161801836,True,False,True,two-lane,90.0,-4.0,48.44154238061201,-1.9472893387576997,48.48066587807421,,,,,,,,,,,,,,,,,,-0.0039733294397592545,0.0003039310686290264,0.9996441006660461,0.0030785053968429565,2.0041775703430176,0.005824050400406122,3.008188247680664,0.010241435840725899,4.013829231262207,0.012896373867988586,5.019434928894043,0.014935486018657684,6.024076461791992,0.01976459100842476,7.0300140380859375,0.026970671489834785,8.035785675048828,0.03376423567533493,9.041810989379883,0.037304360419511795,10.047619819641113,0.03937181457877159,11.053716659545898,0.047023795545101166,12.060541152954102,0.053250912576913834,13.069129943847656,0.055519744753837585,14.077378273010254,0.06152087822556496,15.084328651428223,0.06693728268146515,16.092178344726562,0.07093359529972076,17.09784507751465,0.0767143964767456,18.105085372924805,0.08309459686279297,19.11878776550293,0.09378919750452042,2.114020347595215,0.002691281493753195,4.413722038269043,0.02077220380306244,6.279356956481934,0.029355578124523163,8.680790901184082,0.04561874642968178,11.111848831176758,0.058535102754831314,13.523351669311523,0.06427031755447388,15.949417114257812,0.07406532764434814,18.385826110839844,0.08368229866027832
24,4.800000000000001,43.404966190139675,-1.8697983207975393,-0.0026019457397828466,-0.14908050941160184,9.19302680035063,0.4834041122584772,41.116619003926345,-4.071086956927787,3.175248731077083,-2.2826118128972874,-2.207235333132466,-2.2826118128972874,-2.207235333132466,0.26440133353893225,15.1490805094116,True,False,True,two-lane,90.0,-4.0,46.60041874585611,-2.0089568554266957,46.64370198575692,,,,,,,,,,,,,,,,,,-0.0043513718992471695,-0.00012669852003455162,0.9992595911026001,0.0025338130071759224,2.003784656524658,0.005042410921305418,3.007857322692871,0.00939495861530304,4.013596534729004,0.011419085785746574,5.019277572631836,0.012782333418726921,6.023962497711182,0.017102539539337158,7.030206203460693,0.022211644798517227,8.036239624023438,0.026921285316348076,9.042242050170898,0.0292742308229208,10.048118591308594,0.030508894473314285,11.054248809814453,0.03696494922041893,12.061079025268555,0.041907742619514465,13.069597244262695,0.04320202395319939,14.07788372039795,0.048733189702034,15.084912300109863,0.05340108275413513,16.0928897857666,0.056293994188308716,17.098735809326172,0.061247143894433975,18.10625457763672,0.06664752215147018,19.11989974975586,0.076571524143219,1.1250594854354858,0.0005900903488509357,3.204684257507324,0.018136287108063698,4.595749855041504,0.025184009224176407,6.847667694091797,0.04115796089172363,9.173385620117188,0.053919848054647446,11.552457809448242,0.058040544390678406,13.959579467773438,0.06455924361944199,16.38884925842285,0.07010506093502045
25,5.0,45.043860182712564,-1.8691372767600003,0.005835047636807861,0.3343236028468753,8.194525839798228,0.47925090116949787,41.116619003926345,-4.071086956927787,4.502422200365619,-3.9400227304196447,-2.1789966852020934,-3.9400227304196447,-2.1789966852020934,0.2559643401623415,14.66567639715312,True,False,True,two-lane,90.0,-4.0,44.94294087611791,-2.393146176596846,45.00661155004663,,,,,,,,,,,,,,,,,,-0.003553280606865883,-0.0030572148971259594,1.0001184940338135,-0.0009796703234314919,2.0046169757843018,0.00029333820566534996,3.0086846351623535,0.004237343557178974,4.014517307281494,0.00352969067171216,5.020142078399658,0.003237314522266388,6.024892330169678,0.00416237348690629,7.031357765197754,0.003352927044034004,8.03747844696045,0.001577034592628479,9.043495178222656,-0.00317141180858016,10.049342155456543,-0.007997688837349415,11.055603981018066,-0.008894452825188637,12.062397956848145,-0.013061678037047386,13.07092571258545,-0.01961587369441986,14.079248428344727,-0.022809188812971115,15.086483001708984,-0.027242878451943398,16.094758987426758,-0.03319418430328369,17.10088539123535,-0.03485000133514404,18.108734130859375,-0.03646143153309822,19.122617721557617,-0.03353974223136902,0.344674676656723,0.0002124595339410007,2.0066871643066406,0.014114697463810444,2.8794844150543213,0.01735529862344265,4.928946495056152,0.02329307422041893,7.145899772644043,0.028522759675979614,9.508871078491211,0.023340677842497826,11.904738426208496,0.01900695264339447,14.331039428710938,0.012607002630829811
26,5.2,46.476856928713005,-1.8514588116760473,0.014199553805365542,0.8135745040163731,7.165568232716508,0.43904114896579005,41.116619003926345,-4.071086956927787,5.8016290568697055,-5.3912142187882885,-2.1432939510598743,-5.3912142187882885,-2.1432939510598743,0.2475998339937839,14.186425495983627,True,False,True,two-lane,90.0,-4.0,43.48824811648433,-2.7663130337579576,43.576142693469805,,,,,,,,,,,,,,,,,,-0.0034336838871240616,-0.0040439642034471035,1.0000876188278198,-0.0027985582128167152,2.004603385925293,-0.002486609388142824,3.0085971355438232,0.0009804386645555496,4.014418601989746,-0.004038563463836908,5.019893646240234,-0.006917160470038652,6.024640083312988,-0.010244116187095642,7.031090259552002,-0.017224349081516266,8.037198066711426,-0.02540406957268715,9.04322338104248,-0.03735684975981712,10.048934936523438,-0.04924245923757553,11.055458068847656,-0.058123137801885605,12.062139511108398,-0.07157062739133835,13.070627212524414,-0.0867869183421135,14.079001426696777,-0.09930691868066788,15.086284637451172,-0.114034503698349,16.09469985961914,-0.1300482153892517,17.100624084472656,-0.13974112272262573,18.10828971862793,-0.1499645859003067,19.12236785888672,-0.1552494913339615,0.12978538870811462,-0.001283901510760188,1.392549991607666,0.00839249137789011,2.024798631668091,0.008871627040207386,3.9445691108703613,0.006690558977425098,6.111141204833984,0.004540092311799526,8.474352836608887,-0.011938379146158695,10.875575065612793,-0.029752206057310104,13.30801773071289,-0.05109366029500961
27,5.4,47.8073967921453,-1.8246444650523252,0.021862267406557476,1.2526156529821633,6.6541403947549975,0.3505765160788633,41.116619003926345,-4.071086956927787,7.057833327631627,-6.738287308343229,-2.0996417386897903,-6.738287308343229,-2.0996417386897903,0.23993712039259193,13.747384347017835,True,False,True,two-lane,90.0,-4.0,42.134966031784046,-3.09718818596855,42.248644204978916,,,,,,,,,,,,,,,,,,-0.0034938249737024307,-0.006901263725012541,1.0000243186950684,-0.006142468191683292,2.0045435428619385,-0.006737420801073313,3.0084521770477295,-0.003951510414481163,4.014404296875,-0.012968767434358597,5.0197248458862305,-0.020554421469569206,6.024457931518555,-0.029601573944091797,7.030817031860352,-0.04213698208332062,8.036918640136719,-0.05690225958824158,9.042888641357422,-0.0760548859834671,10.048425674438477,-0.09578541666269302,11.054993629455566,-0.11241381615400314,12.061491966247559,-0.1347213089466095,13.069818496704102,-0.15795773267745972,14.078105926513672,-0.17878037691116333,15.085284233093262,-0.2029474377632141,16.093700408935547,-0.22805917263031006,17.099674224853516,-0.2442983239889145,18.107364654541016,-0.26165735721588135,19.121667861938477,-0.27468088269233704,0.07983264327049255,-0.004836475010961294,1.1859217882156372,0.0019314531236886978,1.861344575881958,5.121319554746151e-05,3.7625346183776855,-0.011522805318236351,5.938105583190918,-0.025878973305225372,8.317428588867188,-0.0595763698220253,10.737785339355469,-0.09624195098876953,13.182600975036621,-0.1369587779045105
28,5.6000000000000005,49.12525088243827,-1.79426501347842,0.019078477600366506,1.0931162460358792,6.5918543046733635,0.3909875716632111,41.116619003926345,-4.071086956927787,8.325989594498065,-8.050610059864,-2.1236243527767784,-8.050610059864,-2.1236243527767784,0.2427209101987829,13.906883753964118,True,False,True,two-lane,90.0,-4.0,40.82523086514147,-2.985114246101662,40.934220186225346,,,,,,,,,,,,,,,,,,-0.0035680029541254044,-0.010107390582561493,0.999968945980072,-0.008966127410531044,2.004519462585449,-0.009506994858384132,3.008410692214966,-0.007306715007871389,4.014426231384277,-0.01564011350274086,5.0197296142578125,-0.02249469794332981,6.024456977844238,-0.030198581516742706,7.030904293060303,-0.04062492772936821,8.037064552307129,-0.05269670858979225,9.043140411376953,-0.06930868327617645,10.048752784729004,-0.08687122166156769,11.055303573608398,-0.10145565122365952,12.061880111694336,-0.12119237333536148,13.070230484008789,-0.1413068175315857,14.078516960144043,-0.15955130755901337,15.08560562133789,-0.18061161041259766,16.093841552734375,-0.20247295498847961,17.099763870239258,-0.21612326800823212,18.107398986816406,-0.2306385040283203,19.121662139892578,-0.24083584547042847,0.11508724838495255,-0.008246392011642456,1.261471152305603,-0.0004233233630657196,2.3438048362731934,-0.005684297997504473,4.37605619430542,-0.013290788047015667,6.664089202880859,-0.030182935297489166,9.08578872680664,-0.06440773606300354,11.537078857421875,-0.09908989071846008,14.001096725463867,-0.13600444793701172
29,5.800000000000001,50.52492079070407,-1.768654613999005,0.014217746312842991,0.8146168579135912,7.001135763269014,0.3721368732812242,41.116619003926345,-4.071086956927787,9.685935019648308,-9.440085181544951,-2.1684392935991794,-9.440085181544951,-2.1684392935991794,0.2475816414863064,14.185383142086406,True,False,True,two-lane,90.0,-4.0,39.439365811359586,-2.792347616178142,39.53809278166836,,,,,,,,,,,,,,,,,,-0.0039609018713235855,-0.013264629989862442,0.9996134638786316,-0.0115461815148592,2.0042214393615723,-0.011687763035297394,3.0081677436828613,-0.010223031044006348,4.014245986938477,-0.016514023765921593,5.019553184509277,-0.02132677659392357,6.024314880371094,-0.026219232007861137,7.030868053436279,-0.032901812344789505,8.037116050720215,-0.040396012365818024,9.043329238891602,-0.052363377064466476,10.049051284790039,-0.06561759114265442,11.055623054504395,-0.07621545344591141,12.062335014343262,-0.09081771969795227,13.07069206237793,-0.10564269125461578,14.078981399536133,-0.119090735912323,15.085936546325684,-0.13452009856700897,16.09392738342285,-0.1505988985300064,17.09978485107422,-0.15948432683944702,18.107358932495117,-0.16867318749427795,19.121532440185547,-0.17387935519218445,0.2916516363620758,-0.014471970498561859,1.6570078134536743,-0.005603838711977005,3.3850793838500977,-0.01530885323882103,5.681674957275391,-0.02303984947502613,8.121764183044434,-0.044180527329444885,10.590398788452148,-0.07099339365959167,13.068381309509277,-0.0961521714925766,15.551809310913086,-0.12167628109455109
30,6.0,52.0797405864036,-1.7528148430260793,0.020712760019677267,1.1867537311948153,7.77636663616023,0.06212239858927896,41.116619003926345,-4.071086956927787,11.205553106664254,-11.008784356569006,-2.090714570866733,-11.008784356569006,-2.090714570866733,0.24108662777947215,13.813246268805184,True,False,True,two-lane,90.0,-4.0,37.865583380561446,-3.0320802057200646,37.986786059420325,,,,,,,,,,,,,,,,,,-0.004676247015595436,-0.02038920298218727,0.9988260269165039,-0.01934926211833954,2.0034823417663574,-0.020556164905428886,3.0073773860931396,-0.020681750029325485,4.013577938079834,-0.030738674104213715,5.0187296867370605,-0.04014614596962929,6.02357292175293,-0.050669554620981216,7.030150413513184,-0.06161484122276306,8.036458015441895,-0.07437266409397125,9.042710304260254,-0.09175494313240051,10.048371315002441,-0.11110077798366547,11.055048942565918,-0.12860552966594696,12.061629295349121,-0.15024635195732117,13.069931983947754,-0.17205634713172913,14.078166007995605,-0.1929149031639099,15.084861755371094,-0.2164524495601654,16.0927791595459,-0.24074390530586243,17.098487854003906,-0.2555896043777466,18.1059627532959,-0.27086541056632996,19.12037467956543,-0.2814819812774658,0.8112295269966125,-0.042896244674921036,2.59321665763855,-0.040964141488075256,4.751794815063477,-0.06160031259059906,7.227585792541504,-0.0984915941953659,9.714674949645996,-0.13844235241413116,12.203893661499023,-0.179915189743042,14.69629192352295,-0.21902996301651,17.190542221069336,-0.2575283944606781
31,6.2,53.79843826329842,-1.7591326433142047,0.021797000414296462,1.2488761297840942,8.596660202091302,-0.35381608152016253,41.116619003926345,-4.071086956927787,12.890836763981499,-12.729196432784578,-2.0350013885010885,-12.729196432784578,-2.0350013885010885,0.24000238738485294,13.751123870215904,True,False,True,two-lane,90.0,-4.0,36.14412191010424,-3.0293580234099275,36.27084998571822,,,,,,,,,,,,,,,,,,-0.005379850044846535,-0.018166029825806618,0.9980008006095886,-0.01773681305348873,2.0026397705078125,-0.019498005509376526,3.0065271854400635,-0.02063344046473503,4.012659549713135,-0.03189029544591904,5.0177001953125,-0.042589858174324036,6.022634983062744,-0.054864391684532166,7.029119968414307,-0.06690829992294312,8.035444259643555,-0.08078116923570633,9.041699409484863,-0.09931792318820953,10.047386169433594,-0.11937765032052994,11.054104804992676,-0.13786691427230835,12.060633659362793,-0.16039232909679413,13.068984985351562,-0.18374411761760712,14.077064514160156,-0.20601996779441833,15.083609580993652,-0.23132145404815674,16.09148597717285,-0.2578290104866028,17.097002029418945,-0.27446937561035156,18.104297637939453,-0.2912982404232025,19.118783950805664,-0.30227577686309814,1.9361639022827148,-0.060563381761312485,4.269299507141113,-0.0749712735414505,6.665992736816406,-0.10178720951080322,9.178173065185547,-0.14638948440551758,11.687028884887695,-0.19306552410125732,14.190242767333984,-0.24102115631103516,16.692617416381836,-0.2850198745727539,19.194549560546875,-0.3264142870903015
32,6.4,55.718123089656395,-1.7773181580842765,-0.00947289396348327,-0.542756843882546,9.598854808643189,0.2705060792714073,41.116619003926345,-4.071086956927787,14.78057160153623,-14.579120648750425,-2.431982314351466,-14.579120648750425,-2.431982314351466,0.27127228176263274,15.542756843882549,True,False,True,two-lane,90.0,-4.0,34.301393681894766,-1.8978383877457412,34.35385566521365,,,,,,,,,,,,,,,,,,-0.004371890798211098,0.000539169181138277,0.9990377426147461,0.003971847705543041,2.003612518310547,0.006477033253759146,3.0077812671661377,0.006631581112742424,4.013313293457031,0.010516544803977013,5.018583297729492,0.013100935146212578,6.023484706878662,0.019181426614522934,7.029571056365967,0.02799759991466999,8.03547191619873,0.04134057089686394,9.041643142700195,0.04955308139324188,10.047591209411621,0.0570373609662056,11.053874969482422,0.06856918334960938,12.060778617858887,0.07925485819578171,13.06895923614502,0.0875534862279892,14.07690715789795,0.0999145656824112,15.083383560180664,0.11151214689016342,16.090702056884766,0.12182503193616867,17.096248626708984,0.13391806185245514,18.10343360900879,0.147920623421669,19.117107391357422,0.16431565582752228,2.493851900100708,0.006621866952627897,5.000717639923096,0.018457423895597458,7.485889434814453,0.018999550491571426,10.009468078613281,0.03334861248731613,12.525833129882812,0.04997586831450462,15.034004211425781,0.068451888859272,17.541582107543945,0.09311791509389877,20.049144744873047,0.12223798036575317
33,6.6000000000000005,57.723040064622445,-1.7909871388669854,-0.0068176234600715434,-0.39062105057147656,10.02481785064278,0.13747346136995076,41.116619003926345,-4.071086956927787,16.7622216792838,-16.59049038746113,-2.393262277522407,-16.59049038746113,-2.393262277522407,0.26861701125922094,15.390621050571475,True,False,True,two-lane,90.0,-4.0,32.29126992314071,-1.9889110692755743,32.35246328319714,,,,,,,,,,,,,,,,,,-0.004276419058442116,0.001277466770261526,0.9991471767425537,0.004067171365022659,2.0036840438842773,0.006262106355279684,3.0078511238098145,0.006300544366240501,4.013369083404541,0.008470213040709496,5.018581390380859,0.010081399232149124,6.02353572845459,0.014559732750058174,7.029633045196533,0.021176878362894058,8.035597801208496,0.0315823033452034,9.041786193847656,0.03732684627175331,10.047835350036621,0.0422498919069767,11.0541353225708,0.05103103071451187,12.061019897460938,0.059121906757354736,13.069267272949219,0.06458890438079834,14.077275276184082,0.0738125741481781,15.083752632141113,0.08199494332075119,16.0911865234375,0.08861710131168365,17.096750259399414,0.09751412272453308,18.10395050048828,0.10823267698287964,19.117597579956055,0.12174196541309357,2.5166096687316895,0.007451412733644247,5.051187515258789,0.01353280059993267,7.54921817779541,0.010333011858165264,10.074886322021484,0.017739634960889816,12.592692375183105,0.02791963703930378,15.102445602416992,0.04061438888311386,17.611528396606445,0.05960681289434433,20.12070655822754,0.08321433514356613
34,6.800000000000001,59.73512244159625,-1.7987472535188742,-0.0038567388019920446,-0.22097485603848546,10.060486706799981,0.03260511114223537,41.116619003926345,-4.071086956927787,18.756657431062035,-18.609601169010215,-2.344129330175376,-18.609601169010215,-2.344129330175376,0.26565612660114146,15.220974856038485,True,False,True,two-lane,90.0,-4.0,30.27314210805193,-2.084512937056184,30.344823731224103,,,,,,,,,,,,,,,,,,-0.0043326858431100845,0.0014195996336638927,0.9991704225540161,0.0034372154623270035,2.003666400909424,0.0053660268895328045,3.007840156555176,0.005352787673473358,4.013382434844971,0.006090833339840174,5.018528461456299,0.007073444314301014,6.02351188659668,0.01021796278655529,7.029627323150635,0.01454758457839489,8.035661697387695,0.02159561589360237,9.041850090026855,0.02449890226125717,10.047914505004883,0.02687133476138115,11.05424690246582,0.03251459822058678,12.061118125915527,0.03763073310256004,13.069413185119629,0.04009269177913666,14.077460289001465,0.0457906611263752,15.083961486816406,0.050471313297748566,16.091503143310547,0.053313639014959335,17.097148895263672,0.05899205431342125,18.10443687438965,0.06631249934434891,19.11794662475586,0.07653827220201492,2.522801637649536,0.006398804020136595,5.065157890319824,0.00784557405859232,7.567506790161133,0.0022550104185938835,10.094573974609375,0.004058393649756908,12.613451957702637,0.008568566292524338,15.124306678771973,0.016002681106328964,17.634395599365234,0.029554154723882675,20.144643783569336,0.04809524863958359
35,7.0,61.7495986151618,-1.801407081077073,-0.0013203561538428787,-0.07565083506932298,10.07238964762821,-0.04809393352899939,40.0,-4.0,21.8604403144993,-21.746676731841045,-2.2273082105064668,-21.746676731841045,-2.2273082105064668,0.0013203561538428787,0.07565083506932298,True,True,False,two-lane,90.0,-4.0,28.25327968465596,-2.1612904219962394,28.335825190518204,,,,,,,,,,,,,,,,,,-0.0045086536556482315,0.0015412266366183758,0.9990672469139099,0.0020819325000047684,2.0035674571990967,0.002486907411366701,3.0077435970306396,0.002292468212544918,4.013479232788086,0.0025837640278041363,5.018648147583008,0.003056406043469906,6.023667812347412,0.00517903221771121,7.02978515625,0.007686706259846687,8.035843849182129,0.01248643547296524,9.041990280151367,0.013184279203414917,10.04800796508789,0.013834169134497643,11.054311752319336,0.017593512311577797,12.061172485351562,0.0203471127897501,13.06951904296875,0.020110074430704117,14.077442169189453,0.02286824770271778,15.083979606628418,0.02483762428164482,16.091609954833984,0.025318443775177002,17.097549438476562,0.028141945600509644,18.104854583740234,0.031607240438461304,19.118215560913086,0.03726239129900932,2.521310567855835,0.0044981068931519985,5.064456462860107,0.0023633961100131273,7.566213607788086,-0.006228644400835037,10.095276832580566,-0.008128995075821877,12.616472244262695,-0.007206691894680262,15.128053665161133,-0.0031070425175130367,17.638179779052734,0.007133000995963812,20.148727416992188,0.022585272789001465
36,7.2,63.76448037342426,-1.800472826300057,0.0004636771891110753,0.026566745992553945,10.074409874293906,-0.08405832899943419,40.0,-4.0,23.866052191485533,-23.76549768932456,-2.1885078901891943,-23.76549768932456,-2.1885078901891943,-0.00046367718911107534,-0.026566745992553948,True,True,False,two-lane,90.0,-4.0,26.23449693576214,-2.2116917488140064,26.327559891951346,,,,,,,,,,,,,,,,,,-0.0046168360859155655,0.001259006094187498,0.9989954233169556,0.0016907695680856705,2.003514289855957,0.0018406831659376621,3.007694721221924,0.0017464803531765938,4.013474464416504,0.0015562358312308788,5.018638610839844,0.0017332686111330986,6.023667335510254,0.0031317821703851223,7.029813289642334,0.004653578624129295,8.035916328430176,0.007873736321926117,9.042064666748047,0.007130883634090424,10.048046112060547,0.006517711561173201,11.054409980773926,0.00866386666893959,12.061240196228027,0.009603813290596008,13.069598197937012,0.007648059632629156,14.07750129699707,0.008359503000974655,15.084073066711426,0.008395623415708542,16.09170913696289,0.006917907390743494,17.097665786743164,0.00827705580741167,18.104999542236328,0.010251479223370552,19.118408203125,0.014417147263884544,2.5213217735290527,0.0034760290291160345,5.064160346984863,-0.00025455839931964874,7.5663275718688965,-0.009561341255903244,10.094137191772461,-0.013440384529531002,12.61429500579834,-0.014835625886917114,15.125022888183594,-0.013028566725552082,17.63471794128418,-0.005080671049654484,20.145397186279297,0.008301379159092903
37,7.4,65.77902414337632,-1.796761368095434,0.0018423297924136635,0.105557721576516,10.072735944090198,-0.11465109919443955,40.0,-4.0,25.873004198467093,-25.783039483951818,-2.1557414554805936,-25.783039483951818,-2.1557414554805936,-0.0018423297924136633,-0.10555772157651598,True,True,False,two-lane,90.0,-4.0,24.216875661595587,-2.247857892991309,24.32097719904083,,,,,,,,,,,,,,,,,,-0.004740798845887184,0.0007209745235741138,0.99888676404953,0.001106427051126957,2.0034217834472656,0.0010639741085469723,3.0076169967651367,0.0010888874530792236,4.013427257537842,0.0004892912693321705,5.018587112426758,0.0004036547616124153,6.02362060546875,0.0011701765470206738,7.029796600341797,0.0019354945980012417,8.035919189453125,0.0040548015385866165,9.042074203491211,0.002253913786262274,10.048036575317383,0.0006047040224075317,11.05445671081543,0.001554317306727171,12.061249732971191,0.001034403219819069,13.069622993469238,-0.0022628484293818474,14.077513694763184,-0.0030402173288166523,15.084100723266602,-0.004518270492553711,16.091739654541016,-0.007384397555142641,17.09770393371582,-0.007071629166603088,18.10506820678711,-0.006127034779638052,19.118558883666992,-0.002929490990936756,2.521678924560547,0.0018759050872176886,5.063908100128174,-0.0032112018670886755,7.566699028015137,-0.01304675079882145,10.093708992004395,-0.01872594840824604,12.613021850585938,-0.022111784666776657,15.123149871826172,-0.022253062576055527,17.632526397705078,-0.016252126544713974,20.143211364746094,-0.00472559779882431
38,7.6000000000000005,67.79334528415707,-1.7915518369367058,0.0025862408125291113,0.14818068336240284,10.071639386677743,-0.13379049208672042,40.0,-4.0,27.880948430304763,-27.798963906751524,-2.136560573547964,-27.798963906751524,-2.136560573547964,-0.0025862408125291113,-0.14818068336240284,True,True,False,two-lane,90.0,-4.0,22.20086887730317,-2.26587247002082,22.316199429060646,,,,,,,,,,,,,,,,,,-0.004847997799515724,-2.1682593796867877e-05,0.9987541437149048,0.000355609692633152,2.003300905227661,0.00022863922640681267,3.0075154304504395,0.0003584083169698715,4.013342380523682,-0.0004406808875501156,5.018503189086914,-0.0006992360576987267,6.0235395431518555,-0.00035845348611474037,7.029725551605225,4.539266228675842e-06,8.035857200622559,0.0015532318502664566,9.04201602935791,-0.0008039656095206738,10.047967910766602,-0.0030568046495318413,11.054398536682129,-0.0027791704051196575,12.06114673614502,-0.004047326277941465,13.06952953338623,-0.008082238957285881,14.077417373657227,-0.00960846059024334,15.084002494812012,-0.011896487325429916,16.09161949157715,-0.015468638390302658,17.09750747680664,-0.015655916184186935,18.104822158813477,-0.015176206827163696,19.11836051940918,-0.012426028028130531,2.5221047401428223,7.548899156972766e-05,5.063899517059326,-0.005859827622771263,7.567582130432129,-0.015960220247507095,10.094112396240234,-0.02274971827864647,12.61266803741455,-0.027266930788755417,15.122182846069336,-0.028425004333257675,17.631263732910156,-0.023379718884825706,20.14181137084961,-0.012750016525387764
39,7.800000000000001,69.80752636041663,-1.7862823812578226,0.0026161717627968275,0.14989560048955894,10.070939845820327,-0.13672313776339082,40.0,-4.0,29.88961648168912,-29.81321581275184,-2.1357285231848695,-29.81321581275184,-2.1357285231848695,-0.0026161717627968275,-0.14989560048955894,True,True,False,two-lane,90.0,-4.0,20.18661307847844,-2.2665369621080327,20.313457051442494,,,,,,,,,,,,,,,,,,-0.0049313995987176895,-0.0006736754439771175,0.9986332058906555,-0.0002678157761693001,2.003188133239746,-0.00034836726263165474,3.0074195861816406,-0.00015271082520484924,4.0132737159729,-0.0009458740241825581,5.018442153930664,-0.0012468844652175903,6.023482799530029,-0.0010062581859529018,7.029623031616211,-0.0005541094578802586,8.035755157470703,0.0009580794721841812,9.041910171508789,-0.0014240769669413567,10.047856330871582,-0.003759834449738264,11.054264068603516,-0.0035205157473683357,12.060991287231445,-0.004747473634779453,13.06937313079834,-0.008809042163193226,14.077255249023438,-0.010319245979189873,15.083822250366211,-0.012582965195178986,16.091402053833008,-0.0161533672362566,17.097217559814453,-0.016240989789366722,18.104467391967773,-0.015576876699924469,19.11800193786621,-0.012693962082266808,2.522444248199463,-0.0010594467166811228,5.063906669616699,-0.007124071009457111,7.568769931793213,-0.017180796712636948,10.094950675964355,-0.02408961020410061,12.612662315368652,-0.028591908514499664,15.121350288391113,-0.029597528278827667,17.62997055053711,-0.024301663041114807,20.139995574951172,-0.01336711272597313
40,8.0,71.82152813383688,-1.7818592963464202,0.0021961638061731934,0.12583091721311096,10.070033151658503,-0.12838367900305397,40.0,-4.0,31.898742936889796,-31.82632279051176,-2.1482501222922186,-31.82632279051176,-2.1482501222922186,-0.0021961638061731934,-0.12583091721311096,True,True,False,two-lane,90.0,-4.0,18.173556631150113,-2.2580582243309366,18.313300837644995,,,,,,,,,,,,,,,,,,-0.0050031039863824844,-0.0009941956959664822,0.9985507726669312,-0.0005739657208323479,2.003117084503174,-0.0005427920259535313,3.007352352142334,-0.00029865652322769165,4.01323127746582,-0.0010516881011426449,5.018403053283691,-0.0013016359880566597,6.023455619812012,-0.0009262249805033207,7.029566764831543,-3.279838711023331e-05,8.035687446594238,0.0017688977532088757,9.041836738586426,-0.0002877567894756794,10.047774314880371,-0.0023079849779605865,11.054189682006836,-0.0016769557259976864,12.06093978881836,-0.002411757130175829,13.06929874420166,-0.0060694897547364235,14.077166557312012,-0.007098723668605089,15.08369255065918,-0.008868074044585228,16.09124755859375,-0.012039490044116974,17.09705924987793,-0.011698486283421516,18.10430145263672,-0.010486219078302383,19.117813110351562,-0.007070292253047228,2.522221565246582,-0.0012359621468931437,5.063575744628906,-0.0069304294884204865,7.569567680358887,-0.01676926016807556,10.096090316772461,-0.02317037247121334,12.613601684570312,-0.02698676474392414,15.122010231018066,-0.027195481583476067,17.630722045898438,-0.02096927911043167,20.14078712463379,-0.008990345522761345
41,8.200000000000001,73.83561124659788,-1.7784229959797357,0.001706134672732501,0.09775431602850625,10.070430220786527,-0.11613756011697478,40.0,-4.0,33.90846491387796,-33.83935230836104,-2.1638456891175992,-33.83935230836104,-2.1638456891175992,-0.001706134672732501,-0.09775431602850625,True,True,False,two-lane,90.0,-4.0,16.160574919268573,-2.249152381367732,16.31633746144963,,,,,,,,,,,,,,,,,,-0.005031177774071693,-0.0010979627259075642,0.9985269904136658,-0.0007160566747188568,2.0031070709228516,-0.0005907141603529453,3.007331371307373,-0.00028485246002674103,4.013223648071289,-0.0010526147671043873,5.0184006690979,-0.0012183664366602898,6.023473262786865,-0.0006598294712603092,7.029585361480713,0.0006259344518184662,8.03569221496582,0.0027296249754726887,9.041839599609375,0.0010303477756679058,10.047776222229004,-0.0006238091737031937,11.054194450378418,0.0004398138262331486,12.0609712600708,0.00025111762806773186,13.069306373596191,-0.0029554804787039757,14.077160835266113,-0.0034268475137650967,15.08365249633789,-0.004667514003813267,16.091197967529297,-0.007391765248030424,17.097023010253906,-0.006647701375186443,18.104280471801758,-0.004923589061945677,19.117786407470703,-0.000911531038582325,2.5217347145080566,-0.0007902014185674489,5.063114166259766,-0.005941540934145451,7.569793701171875,-0.015493950806558132,10.09634780883789,-0.021175621077418327,12.613518714904785,-0.02414020337164402,15.1212158203125,-0.023384472355246544,17.629764556884766,-0.016043562442064285,20.13970947265625,-0.0027793757617473602
42,8.4,75.84958799875474,-1.7756179708488642,0.001392778399307942,0.07980032407733158,10.069893527731898,-0.10835698462177407,40.0,-4.0,35.91853052523266,-35.85265129791768,-2.1744493560421803,-35.85265129791768,-2.1744493560421803,-0.001392778399307942,-0.07980032407733158,True,True,False,two-lane,90.0,-4.0,14.14730020629842,-2.2440882534929494,14.324176598206137,,,,,,,,,,,,,,,,,,-0.0050175730139017105,-0.0009976685978472233,0.9985414147377014,-0.0006946995854377747,2.0031309127807617,-0.0005536586977541447,3.0073530673980713,-0.00029092561453580856,4.013244152069092,-0.0010926001705229282,5.018428802490234,-0.0012147687375545502,6.023516654968262,-0.0005281544290482998,7.029644012451172,0.0009004808962345123,8.035741806030273,0.0031208028085529804,9.041889190673828,0.00158617552369833,10.04782485961914,0.00014607282355427742,11.054237365722656,0.001464839093387127,12.061020851135254,0.0016218614764511585,13.069340705871582,-0.0013092746958136559,14.077194213867188,-0.0013937563635408878,15.0836763381958,-0.0022586826235055923,16.091232299804688,-0.004727772902697325,17.097064971923828,-0.003794434480369091,18.104333877563477,-0.0018154424615204334,19.117862701416016,0.0025714458897709846,2.5217459201812744,-0.0002978558768518269,5.063375473022461,-0.00510455621406436,7.5703277587890625,-0.014326659962534904,10.096921920776367,-0.019606798887252808,12.613829612731934,-0.02213102951645851,15.120622634887695,-0.020869430154561996,17.628799438476562,-0.012961567379534245,20.138347625732422,0.0009826216846704483
43,8.6,77.86342910845482,-1.7730509997891508,0.001274663456369808,0.07303283634954795,10.069213728562058,-0.10520634336679141,40.0,-4.0,37.92886190884884,-37.8662369585764,-2.1786840747265446,-37.8662369585764,-2.1786840747265446,-0.001274663456369808,-0.07303283634954795,True,True,False,two-lane,90.0,-4.0,12.133722422255927,-2.2424172302864447,12.339191823415412,,,,,,,,,,,,,,,,,,-0.005008095875382423,-0.0007492438890039921,0.998542308807373,-0.0005462560802698135,2.0031299591064453,-0.0004363390617072582,3.0073633193969727,-0.00033106375485658646,4.013255596160889,-0.0012861448340117931,5.018443584442139,-0.0013915728777647018,6.023533821105957,-0.0006314120255410671,7.029658794403076,0.0007680440321564674,8.035751342773438,0.002924866508692503,9.04189682006836,0.0013694758526980877,10.047831535339355,-1.4097429811954498e-05,11.05423355102539,0.0013736388646066189,12.061010360717773,0.001668199896812439,13.069321632385254,-0.0011559217236936092,14.07718276977539,-0.0011194916442036629,15.083670616149902,-0.0017617926932871342,16.09124183654785,-0.004188946448266506,17.09707260131836,-0.0032587279565632343,18.104339599609375,-0.0012694420292973518,19.117883682250977,0.0032130531035363674,2.522141695022583,-0.000136187591124326,5.0639214515686035,-0.004803401418030262,7.57089900970459,-0.013811508193612099,10.097545623779297,-0.019030947238206863,12.614264488220215,-0.021532505750656128,15.12013053894043,-0.020260456949472427,17.6278018951416,-0.012399218045175076,20.136686325073242,0.001507035456597805
44,8.8,79.8771040698721,-1.7705929726943743,0.001220666652280358,0.06993904736802772,10.068382308166584,-0.10319087541733198,40.0,-4.0,39.93937511645381,-39.87979572303018,-2.180728727328062,-39.87979572303018,-2.180728727328062,-0.001220666652280358,-0.06993904736802772,True,True,False,two-lane,90.0,-4.0,10.120167026297546,-2.2417620447851947,10.365484923803596,,,,,,,,,,,,,,,,,,-0.005009764805436134,-0.0004893499426543713,0.9985300302505493,-0.0003827279433608055,2.0031051635742188,-0.0003395206294953823,3.007347345352173,-0.00038649048656225204,4.013240814208984,-0.0015145852230489254,5.018430709838867,-0.001598362810909748,6.023513317108154,-0.0007734117098152637,7.0296220779418945,0.000545743852853775,8.035712242126465,0.0025973678566515446,9.041852951049805,0.0009760442189872265,10.047788619995117,-0.0004000784829258919,11.054179191589355,0.0009903456084430218,12.060945510864258,0.0013413168489933014,13.069250106811523,-0.0014243046753108501,14.077120780944824,-0.0014233728870749474,15.083624839782715,-0.0019103498198091984,16.091205596923828,-0.004355551674962044,17.097026824951172,-0.0034634373150765896,18.104284286499023,-0.0015149889513850212,19.11785125732422,0.0029995846562087536,2.522587299346924,-0.00017849385039880872,5.0644025802612305,-0.004756360314786434,7.571297645568848,-0.013661197386682034,10.097977638244629,-0.018914995715022087,12.614553451538086,-0.02150570973753929,15.119603157043457,-0.020362408831715584,17.626773834228516,-0.01273111067712307,20.13486671447754,0.000932011753320694
45,9.0,81.89059699314132,-1.768277639233346,0.001149908407304206,0.06588489856514144,10.067471272400311,-0.10094908807422932,40.0,-4.0,41.95000239734589,-41.89313557313918,-2.183550546221918,-41.89313557313918,-2.183550546221918,-0.001149908407304206,-0.06588489856514144,True,True,False,two-lane,90.0,-4.0,8.106831369630825,-2.2410459539161987,8.410885911911691,,,,,,,,,,,,,,,,,,-0.005010316148400307,-0.00031176721677184105,0.9985226988792419,-0.0002821376547217369,2.003080368041992,-0.0003121024928987026,3.0073227882385254,-0.0004564942792057991,4.013215065002441,-0.00170519994571805,5.018406867980957,-0.0017537139356136322,6.023477554321289,-0.0008583827875554562,7.029572010040283,0.00040756911039352417,8.035658836364746,0.002392940688878298,9.041793823242188,0.0007405523210763931,10.047731399536133,-0.0006067170761525631,11.054113388061523,0.0007831426337361336,12.060873031616211,0.0011743544600903988,13.069169998168945,-0.0015232497826218605,14.077049255371094,-0.0015720934607088566,15.08357048034668,-0.0019446462392807007,16.09115982055664,-0.004393534269183874,17.096967697143555,-0.003497621975839138,18.10421371459961,-0.0015525571070611477,19.11779022216797,0.0029845433309674263,2.5228631496429443,-0.0002663753111846745,5.064772605895996,-0.004744954872876406,7.571567535400391,-0.013580966740846634,10.09832763671875,-0.018822193145751953,12.614831924438477,-0.021430078893899918,15.119285583496094,-0.02033635415136814,17.626089096069336,-0.012837530113756657,20.133438110351562,0.0007223198190331459
46,9.200000000000001,83.90394715027288,-1.7661750488187562,0.0010443238811548132,0.05983535083489256,10.066756275121818,-0.09809638407780291,40.0,-4.0,43.96073872544085,-43.90625604549996,-2.18797380091089,-43.90625604549996,-2.18797380091089,-0.0010443238811548132,-0.05983535083489256,True,True,False,two-lane,90.0,-4.0,6.093716689193298,-2.2401899854773597,6.492444397850933,,,,,,,,,,,,,,,,,,-0.005000049248337746,-0.00021930458024144173,0.9985312819480896,-0.00024124793708324432,2.003070592880249,-0.00031723035499453545,3.0073065757751465,-0.0005179205909371376,4.013198375701904,-0.001836459618061781,5.018390655517578,-0.0018388070166110992,6.023449897766113,-0.0008710506372153759,7.029533386230469,0.0003930153325200081,8.035614967346191,0.002375467214733362,9.041746139526367,0.0007417243905365467,10.047686576843262,-0.0005382513627409935,11.054064750671387,0.0008642575703561306,12.060822486877441,0.001314978115260601,13.069109916687012,-0.001293105073273182,14.076993942260742,-0.0013550170697271824,15.083527565002441,-0.0016345642507076263,16.091121673583984,-0.0040476336143910885,17.0969181060791,-0.0031014522537589073,18.10415267944336,-0.0011156867258250713,19.117708206176758,0.003436974249780178,2.5229179859161377,-0.00035701721208170056,5.064999580383301,-0.004709331784397364,7.5717010498046875,-0.013475954532623291,10.098601341247559,-0.018633490428328514,12.61507797241211,-0.021153148263692856,15.119123458862305,-0.01998700015246868,17.625690460205078,-0.012470854446291924,20.13241195678711,0.0011587981134653091
47,9.4,85.91719494542635,-1.7643574595395173,0.000902814243627309,0.051727445844140484,10.066243078131322,-0.09450845716331029,40.0,-4.0,45.97158784754996,-45.919194602136876,-2.194186937361279,-45.919194602136876,-2.194186937361279,-0.000902814243627309,-0.051727445844140484,True,True,False,two-lane,90.0,-4.0,4.0807850210255445,-2.239327643410478,4.654824882030342,,,,,,,,,,,,,,,,,,-0.004983881488442421,-0.0001651984639465809,0.9985486268997192,-0.0002121496945619583,2.0030713081359863,-0.00029923347756266594,3.0072975158691406,-0.0005372846499085426,4.013190746307373,-0.0018878853879868984,5.0183820724487305,-0.0018364517018198967,6.023431777954102,-0.0007959739305078983,7.029505729675293,0.0005139270797371864,8.035581588745117,0.0025630551390349865,9.041707992553711,0.0009956350550055504,10.047653198242188,-0.0001780628226697445,11.054031372070312,0.0012636492028832436,12.060789108276367,0.0018141190521419048,13.06906509399414,-0.0006805164739489555,14.076951026916504,-0.000707543920725584,15.083489418029785,-0.0008855918422341347,16.091087341308594,-0.003210789058357477,17.096878051757812,-0.0021728426218032837,18.104106903076172,-0.00010516447946429253,19.117612838745117,0.004464614205062389,2.52284574508667,-0.0004147927393205464,5.065144062042236,-0.004608276300132275,7.571765422821045,-0.0132985794916749,10.098812103271484,-0.018308483064174652,12.61524486541748,-0.020649336278438568,15.118982315063477,-0.01930517703294754,17.625383377075195,-0.011648651212453842,20.131593704223633,0.0021681031212210655
48,9.600000000000001,87.93036124230417,-1.7628709380422825,0.0007383996192330958,0.0423071817761234,10.06583422850651,-0.09048558180421237,40.0,-4.0,47.98254135889042,-47.93200007077094,-2.201736694803444,-47.93200007077094,-2.201736694803444,-0.0007383996192330958,-0.0423071817761234,True,True,False,two-lane,90.0,-4.0,2.067986298379733,-2.2386566724100945,3.0476468015852074,,,,,,,,,,,,,,,,,,-0.00497024692595005,-0.00012170570698799565,0.9985646605491638,-0.00017076732183340937,2.0030746459960938,-0.00024222538922913373,3.007289409637451,-0.0005087153986096382,4.013184070587158,-0.0018652346916496754,5.018373489379883,-0.0017594024538993835,6.023416042327881,-0.0006483974866569042,7.029480934143066,0.0007387129589915276,8.035548210144043,0.0029160636477172375,9.041670799255371,0.0014478652738034725,10.047619819641113,0.00040305405855178833,11.053997993469238,0.0019090385176241398,12.060757637023926,0.0025929315015673637,13.069018363952637,0.00022592535242438316,14.07690143585205,0.0002747001126408577,15.0834379196167,0.00021732179448008537,16.091033935546875,-0.001977129839360714,17.096820831298828,-0.0008206297643482685,18.104045867919922,0.0013553909957408905,19.117488861083984,0.0059461346827447414,2.5227878093719482,-0.00041650637285783887,5.065330505371094,-0.004431874491274357,7.571887969970703,-0.013044117949903011,10.099053382873535,-0.01786496490240097,12.615398406982422,-0.019971465691924095,15.118879318237305,-0.01838231272995472,17.625154495239258,-0.01050645299255848,20.13096046447754,0.0035623647272586823
